"atom1","atom2","distance","atom1_num","atom2_num","atom1_name","atom2_name"
"B","C",0.536193029490617,"379","347","379_HZ2","347_O"
"B","C",0.420698359276399,"379","347","379_HG2","347_O"
"B","C",0.373134328358209,"379","347","379_NZ","347_O"
"B","C",0.363901018922853,"379","347","379_HZ2","347_C"
"B","C",0.301295570955107,"379","347","379_CG","347_O"
"B","C",0.279798545047566,"379","347","379_NZ","347_C"
"B","B",0.412541254125413,"379","374","379_H","374_O"
"B","B",0.284738041002278,"380","308","380_CG","308_O"
"B","B",0.353481795687522,"380","308","380_HG2","308_O"
"B","B",0.317057704502219,"381","328","381_CG2","328_NE"
"B","B",0.375093773443361,"381","328","381_HG22","328_CD"
"B","B",0.295945546019532,"381","328","381_CG2","328_CD"
"B","B",0.374812593703148,"381","328","381_HG21","328_NE"
"B","B",0.353107344632768,"381","328","381_HG22","328_NE"
"B","B",0.42863266180883,"381","328","381_HG22","328_HD2"
"B","B",0.323415265200517,"381","328","381_CG2","328_HD2"
"B","C",0.466417910447761,"381","347","381_HG13","347_HA2"
"B","C",0.343406593406593,"381","347","381_CG1","347_HA2"
"B","C",0.276625172890733,"381","347","381_CG1","347_CA"
"B","C",0.341646737273659,"381","347","381_HG13","347_CA"
"B","C",0.317662007623888,"384","304","384_CB","304_OD1"
"B","C",0.399042298483639,"384","304","384_HB3","304_OD1"
"B","C",0.265181649429859,"384","304","384_CB","304_CG"
"B","C",0.353107344632768,"384","306","384_HB3","306_CG2"
"B","C",0.450653447498873,"384","306","384_HB3","306_HG23"
"B","C",0.267809319764328,"384","306","384_CB","306_CG2"
"B","C",0.288018433179724,"384","312","384_CG","312_NH1"
"B","C",0.355113636363636,"387","300","387_HG3","300_CG2"
"B","C",0.43956043956044,"387","300","387_HG3","300_HG22"
"B","C",0.270929287455974,"387","300","387_CG","300_CG2"
"B","C",0.353731871241599,"387","301","387_HD3","301_O"
"B","C",0.392464678178964,"387","313","387_O","313_HD12"
"B","C",0.293944738389183,"387","313","387_O","313_CD1"
"B","C",0.421585160202361,"387","314","387_O","314_OE1"
"B","C",0.346140533056421,"387","314","387_O","314_CD"
"B","C",0.359324469996407,"387","314","387_O","314_OE2"
"B","C",0.310752019888129,"387","314","387_C","314_OE2"
"B","C",0.287438919229664,"387","314","387_C","314_OE1"
"B","C",0.268312315535283,"387","314","387_C","314_CD"
"B","C",0.552486187845304,"388","314","388_OG1","314_OE2"
"B","C",0.358680057388809,"388","314","388_CB","314_OE2"
"B","C",0.343642611683849,"388","314","388_CA","314_OE2"
"B","C",0.333555703802535,"388","314","388_OG1","314_CD"
"B","C",0.409332787556283,"388","314","388_HA","314_OE2"
"B","C",0.40453074433657,"388","314","388_HA","314_O"
"B","C",0.349040139616056,"388","314","388_HA","314_CD"
"B","C",0.297973778307509,"388","314","388_CA","314_O"
"B","C",0.276778300581234,"388","314","388_CA","314_CD"
"B","C",0.417014178482068,"388","314","388_HG1","314_OE2"
"B","C",0.284090909090909,"388","314","388_CG2","314_OE2"
"B","C",0.264131008980454,"388","314","388_CB","314_CD"
